{"cameraMode":{"drawMode":0,"name":"Shaded","section":"Shading Mode"},"sceneLighting":false,"audioPlay":false,"sceneViewState":{"showFog":false,"showMaterialUpdate":false,"showSkybox":false,"showFlares":false,"showImageEffects":false,"showParticleSystems":false},"in2DMode":false,"pivot":{"x":5.0,"y":0.003999993205070496,"z":0.058500006794929507},"rotation":{"x":0.16290532052516938,"y":-0.3772345781326294,"z":0.0676058679819107,"w":0.9091673493385315},"size":1.293426513671875,"orthographic":false}