{"cameraMode":{"drawMode":0,"name":"Shaded","section":"Shading Mode"},"sceneLighting":true,"audioPlay":false,"sceneViewState":{"showFog":false,"showMaterialUpdate":false,"showSkybox":false,"showFlares":false,"showImageEffects":false,"showParticleSystems":false},"in2DMode":false,"pivot":{"x":-1.8339412212371827,"y":1.419138789176941,"z":-2.582061529159546},"rotation":{"x":0.06643170863389969,"y":-0.8082350492477417,"z":0.09297870844602585,"w":0.5776658654212952},"size":15.269330978393555,"orthographic":false}