{"cameraMode":{"drawMode":0,"name":"Shaded","section":"Shading Mode"},"sceneLighting":false,"audioPlay":false,"sceneViewState":{"showFog":false,"showMaterialUpdate":false,"showSkybox":false,"showFlares":false,"showImageEffects":false,"showParticleSystems":false},"in2DMode":false,"pivot":{"x":-0.001250002533197403,"y":0.5338000059127808,"z":4.656612873077393e-10},"rotation":{"x":0.01621939428150654,"y":0.7600687742233276,"z":-0.018957894295454027,"w":0.6493635773658752},"size":0.2785375416278839,"orthographic":false}