{"cameraMode":{"drawMode":0,"name":"Shaded","section":"Shading Mode"},"sceneLighting":false,"audioPlay":false,"sceneViewState":{"showFog":false,"showMaterialUpdate":false,"showSkybox":false,"showFlares":false,"showImageEffects":false,"showParticleSystems":false},"in2DMode":false,"pivot":{"x":0.0,"y":0.3813908100128174,"z":-0.787045955657959},"rotation":{"x":0.023463092744350435,"y":0.9734233021736145,"z":-0.11678081750869751,"w":0.19559848308563233},"size":20.277700424194337,"orthographic":false}