{"cameraMode":{"drawMode":0,"name":"Shaded","section":"Shading Mode"},"sceneLighting":true,"audioPlay":false,"sceneViewState":{"showFog":false,"showMaterialUpdate":false,"showSkybox":false,"showFlares":false,"showImageEffects":false,"showParticleSystems":false},"in2DMode":false,"pivot":{"x":3.154984951019287,"y":2.0854828357696535,"z":3.2826786041259767},"rotation":{"x":0.3514801263809204,"y":-0.27505621314048769,"z":0.10885488241910935,"w":0.8882321715354919},"size":0.4907870888710022,"orthographic":false}