{"cameraMode":{"drawMode":0,"name":"Shaded","section":"Shading Mode"},"sceneLighting":false,"audioPlay":false,"sceneViewState":{"showFog":false,"showMaterialUpdate":false,"showSkybox":false,"showFlares":false,"showImageEffects":false,"showParticleSystems":false},"in2DMode":false,"pivot":{"x":0.43000006675720217,"y":1.4900000095367432,"z":-5.929999828338623},"rotation":{"x":-0.0009210914140567184,"y":-0.9982747435569763,"z":-0.015949945896863939,"w":0.05650046840310097},"size":21.135883331298829,"orthographic":false}