{"cameraMode":{"drawMode":0,"name":"Shaded","section":"Shading Mode"},"sceneLighting":false,"audioPlay":false,"sceneViewState":{"showFog":false,"showMaterialUpdate":false,"showSkybox":false,"showFlares":false,"showImageEffects":false,"showParticleSystems":false},"in2DMode":false,"pivot":{"x":1.6139425039291382,"y":0.5639837980270386,"z":-1.8215235471725464},"rotation":{"x":0.1757456213235855,"y":-0.3103395104408264,"z":0.058506984263658527,"w":0.932405412197113},"size":2.043363332748413,"orthographic":false}