{"cameraMode":{"drawMode":0,"name":"Shaded","section":"Shading Mode"},"sceneLighting":true,"audioPlay":false,"sceneViewState":{"showFog":false,"showMaterialUpdate":false,"showSkybox":false,"showFlares":false,"showImageEffects":false,"showParticleSystems":false},"in2DMode":false,"pivot":{"x":2.306241989135742,"y":0.7697518467903137,"z":-0.4675363600254059},"rotation":{"x":0.1339544802904129,"y":-0.29675090312957766,"z":0.042101599276065829,"w":0.9445753693580627},"size":1.7252507209777833,"orthographic":false}