{"cameraMode":{"drawMode":0,"name":"Shaded","section":"Shading Mode"},"sceneLighting":true,"audioPlay":false,"sceneViewState":{"showFog":false,"showMaterialUpdate":false,"showSkybox":false,"showFlares":false,"showImageEffects":false,"showParticleSystems":false},"in2DMode":false,"pivot":{"x":0.19315898418426515,"y":0.1448284089565277,"z":0.24032950401306153},"rotation":{"x":0.04066378250718117,"y":0.16453076899051667,"z":-0.006789137609302998,"w":0.9855100512504578},"size":2.270526885986328,"orthographic":false}