{"cameraMode":{"drawMode":0,"name":"Shaded","section":"Shading Mode"},"sceneLighting":false,"audioPlay":false,"sceneViewState":{"showFog":false,"showMaterialUpdate":false,"showSkybox":false,"showFlares":false,"showImageEffects":false,"showParticleSystems":false},"in2DMode":false,"pivot":{"x":0.7645618915557861,"y":0.47487109899520876,"z":4.310999870300293},"rotation":{"x":0.20144504308700562,"y":0.3960123062133789,"z":-0.08949432522058487,"w":0.8913949131965637},"size":3.6302709579467775,"orthographic":false}