{"cameraMode":{"drawMode":0,"name":"Shaded","section":"Shading Mode"},"sceneLighting":false,"audioPlay":false,"sceneViewState":{"showFog":false,"showMaterialUpdate":false,"showSkybox":false,"showFlares":false,"showImageEffects":false,"showParticleSystems":false},"in2DMode":false,"pivot":{"x":0.7645618915557861,"y":0.47487109899520876,"z":4.310999870300293},"rotation":{"x":0.24028891324996949,"y":-0.541541576385498,"z":0.16504192352294923,"w":0.7885145545005798},"size":3.6302709579467775,"orthographic":false}