{"cameraMode":{"drawMode":0,"name":"Shaded","section":"Shading Mode"},"sceneLighting":false,"audioPlay":false,"sceneViewState":{"showFog":false,"showMaterialUpdate":false,"showSkybox":false,"showFlares":false,"showImageEffects":false,"showParticleSystems":false},"in2DMode":false,"pivot":{"x":-0.0012500006705522538,"y":0.5325000286102295,"z":0.0},"rotation":{"x":0.1301245391368866,"y":0.5586162209510803,"z":-0.08924786001443863,"w":0.8142790794372559},"size":0.21262770891189576,"orthographic":false}