{"cameraMode":{"drawMode":0,"name":"Shaded","section":"Shading Mode"},"sceneLighting":true,"audioPlay":false,"sceneViewState":{"showFog":false,"showMaterialUpdate":false,"showSkybox":false,"showFlares":false,"showImageEffects":false,"showParticleSystems":false},"in2DMode":false,"pivot":{"x":-4.828641891479492,"y":2.776808738708496,"z":3.435194969177246},"rotation":{"x":0.23538437485694886,"y":-0.4934364855289459,"z":0.14072763919830323,"w":0.8254152536392212},"size":20.947378158569337,"orthographic":false}