{"cameraMode":{"drawMode":0,"name":"Shaded","section":"Shading Mode"},"sceneLighting":true,"audioPlay":false,"sceneViewState":{"showFog":false,"showMaterialUpdate":false,"showSkybox":false,"showFlares":false,"showImageEffects":false,"showParticleSystems":false},"in2DMode":false,"pivot":{"x":2.429386854171753,"y":0.4299655556678772,"z":2.0539140701293947},"rotation":{"x":-0.07524212449789047,"y":-0.8728310465812683,"z":0.142533540725708,"w":-0.46063968539237978},"size":1.7252507209777833,"orthographic":false}