{"cameraMode":{"drawMode":0,"name":"Shaded","section":"Shading Mode"},"sceneLighting":true,"audioPlay":false,"sceneViewState":{"showFog":false,"showMaterialUpdate":false,"showSkybox":false,"showFlares":false,"showImageEffects":false,"showParticleSystems":false},"in2DMode":false,"pivot":{"x":-0.14853906631469727,"y":0.40466737747192385,"z":-0.45535898208618166},"rotation":{"x":0.055659595876932147,"y":-0.9240413308143616,"z":0.14787313342094422,"w":0.348114013671875},"size":10.170080184936524,"orthographic":false}