{"cameraMode":{"drawMode":0,"name":"Shaded","section":"Shading Mode"},"sceneLighting":true,"audioPlay":false,"sceneViewState":{"showFog":false,"showMaterialUpdate":false,"showSkybox":false,"showFlares":false,"showImageEffects":false,"showParticleSystems":false},"in2DMode":false,"pivot":{"x":0.6355142593383789,"y":-0.12989377975463868,"z":0.5649375915527344},"rotation":{"x":0.08009248226881027,"y":0.8012006878852844,"z":-0.11012566834688187,"w":0.5826963186264038},"size":8.347244262695313,"orthographic":false}