{"cameraMode":{"drawMode":0,"name":"Shaded","section":"Shading Mode"},"sceneLighting":true,"audioPlay":false,"sceneViewState":{"showFog":false,"showMaterialUpdate":false,"showSkybox":false,"showFlares":false,"showImageEffects":false,"showParticleSystems":false},"in2DMode":false,"pivot":{"x":-1.8998689651489258,"y":1.8883724212646485,"z":5.957019805908203},"rotation":{"x":-0.44741931557655337,"y":0.4768284261226654,"z":-0.3088572323322296,"w":-0.690693736076355},"size":23.18355941772461,"orthographic":false}