{"cameraMode":{"drawMode":0,"name":"Shaded","section":"Shading Mode"},"sceneLighting":true,"audioPlay":false,"sceneViewState":{"showFog":false,"showMaterialUpdate":false,"showSkybox":false,"showFlares":false,"showImageEffects":false,"showParticleSystems":false},"in2DMode":false,"pivot":{"x":0.35943603515625,"y":0.9935562610626221,"z":1.0728576183319092},"rotation":{"x":-0.09736454486846924,"y":0.8574074506759644,"z":-0.17626555263996125,"w":-0.47360658645629885},"size":9.93986988067627,"orthographic":false}