{"cameraMode":{"drawMode":0,"name":"Shaded","section":"Shading Mode"},"sceneLighting":false,"audioPlay":false,"sceneViewState":{"showFog":false,"showMaterialUpdate":false,"showSkybox":false,"showFlares":false,"showImageEffects":false,"showParticleSystems":false},"in2DMode":false,"pivot":{"x":0.0,"y":0.003818213939666748,"z":-0.05860044062137604},"rotation":{"x":0.24028891324996949,"y":-0.541541576385498,"z":0.16504192352294923,"w":0.7885145545005798},"size":8.186050415039063,"orthographic":false}