{"cameraMode":{"drawMode":0,"name":"Shaded","section":"Shading Mode"},"sceneLighting":false,"audioPlay":false,"sceneViewState":{"showFog":false,"showMaterialUpdate":false,"showSkybox":false,"showFlares":false,"showImageEffects":false,"showParticleSystems":false},"in2DMode":false,"pivot":{"x":1.7881393432617188e-7,"y":0.49761998653411868,"z":5.066394805908203e-7},"rotation":{"x":0.33580923080444338,"y":-0.016953716054558755,"z":0.006093574222177267,"w":0.9417577385902405},"size":2.780158519744873,"orthographic":false}