{"cameraMode":{"drawMode":0,"name":"Shaded","section":"Shading Mode"},"sceneLighting":true,"audioPlay":false,"sceneViewState":{"showFog":false,"showMaterialUpdate":false,"showSkybox":false,"showFlares":false,"showImageEffects":false,"showParticleSystems":false},"in2DMode":false,"pivot":{"x":-0.6513394713401794,"y":0.7352032661437988,"z":10.806193351745606},"rotation":{"x":-0.03923553600907326,"y":0.022115357220172883,"z":-0.0008679406018927693,"w":-0.9989849328994751},"size":10.423942565917969,"orthographic":false}